<?xml version="1.0" encoding="ISO-8859-1" ?>
<link_info>
   <banner>TI ARM Linker PC v20.2.7.LTS</banner>
   <copyright>Copyright (c) 1996-2018 Texas Instruments Incorporated</copyright>
   <link_time>0x6752e7b0</link_time>
   <link_errors>0x0</link_errors>
   <output_file>Application_1.out</output_file>
   <entry_point>
      <name>_c_int00_noargs</name>
      <address>0x8e5</address>
   </entry_point>
   <input_file_list>
      <input_file id="fl-2">
         <path>.\</path>
         <kind>object</kind>
         <file>main.obj</file>
         <name>main.obj</name>
      </input_file>
      <input_file id="fl-3">
         <path>.\</path>
         <kind>object</kind>
         <file>tm4c123gh6pm_startup_ccs.obj</file>
         <name>tm4c123gh6pm_startup_ccs.obj</name>
      </input_file>
      <input_file id="fl-4">
         <path>.\MCAL\NVIC\</path>
         <kind>object</kind>
         <file>NVIC.obj</file>
         <name>NVIC.obj</name>
      </input_file>
      <input_file id="fl-5">
         <path>.\MCAL\SysTick\</path>
         <kind>object</kind>
         <file>SysTick.obj</file>
         <name>SysTick.obj</name>
      </input_file>
      <input_file id="fl-9">
         <kind>object</kind>
         <file>&lt;internal&gt;</file>
         <name>&lt;internal&gt;</name>
      </input_file>
      <input_file id="fl-bf">
         <path>C:\ti\ccs1281\ccs\tools\compiler\ti-cgt-arm_20.2.7.LTS\lib\</path>
         <kind>archive</kind>
         <file>rtsv7M4_T_le_v4SPD16_eabi.lib</file>
         <name>ll_mul_t2.asm.obj</name>
      </input_file>
      <input_file id="fl-c0">
         <path>C:\ti\ccs1281\ccs\tools\compiler\ti-cgt-arm_20.2.7.LTS\lib\</path>
         <kind>archive</kind>
         <file>rtsv7M4_T_le_v4SPD16_eabi.lib</file>
         <name>copy_zero_init.c.obj</name>
      </input_file>
      <input_file id="fl-c1">
         <path>C:\ti\ccs1281\ccs\tools\compiler\ti-cgt-arm_20.2.7.LTS\lib\</path>
         <kind>archive</kind>
         <file>rtsv7M4_T_le_v4SPD16_eabi.lib</file>
         <name>copy_decompress_none.c.obj</name>
      </input_file>
      <input_file id="fl-c2">
         <path>C:\ti\ccs1281\ccs\tools\compiler\ti-cgt-arm_20.2.7.LTS\lib\</path>
         <kind>archive</kind>
         <file>rtsv7M4_T_le_v4SPD16_eabi.lib</file>
         <name>copy_decompress_lzss.c.obj</name>
      </input_file>
      <input_file id="fl-c3">
         <path>C:\ti\ccs1281\ccs\tools\compiler\ti-cgt-arm_20.2.7.LTS\lib\</path>
         <kind>archive</kind>
         <file>rtsv7M4_T_le_v4SPD16_eabi.lib</file>
         <name>boot_cortex_m.c.obj</name>
      </input_file>
      <input_file id="fl-c4">
         <path>C:\ti\ccs1281\ccs\tools\compiler\ti-cgt-arm_20.2.7.LTS\lib\</path>
         <kind>archive</kind>
         <file>rtsv7M4_T_le_v4SPD16_eabi.lib</file>
         <name>memcpy_t2.asm.obj</name>
      </input_file>
      <input_file id="fl-c5">
         <path>C:\ti\ccs1281\ccs\tools\compiler\ti-cgt-arm_20.2.7.LTS\lib\</path>
         <kind>archive</kind>
         <file>rtsv7M4_T_le_v4SPD16_eabi.lib</file>
         <name>memset_t2.asm.obj</name>
      </input_file>
      <input_file id="fl-c6">
         <path>C:\ti\ccs1281\ccs\tools\compiler\ti-cgt-arm_20.2.7.LTS\lib\</path>
         <kind>archive</kind>
         <file>rtsv7M4_T_le_v4SPD16_eabi.lib</file>
         <name>autoinit.c.obj</name>
      </input_file>
      <input_file id="fl-c7">
         <path>C:\ti\ccs1281\ccs\tools\compiler\ti-cgt-arm_20.2.7.LTS\lib\</path>
         <kind>archive</kind>
         <file>rtsv7M4_T_le_v4SPD16_eabi.lib</file>
         <name>pre_init.c.obj</name>
      </input_file>
      <input_file id="fl-c8">
         <path>C:\ti\ccs1281\ccs\tools\compiler\ti-cgt-arm_20.2.7.LTS\lib\</path>
         <kind>archive</kind>
         <file>rtsv7M4_T_le_v4SPD16_eabi.lib</file>
         <name>cpy_tbl.c.obj</name>
      </input_file>
      <input_file id="fl-c9">
         <path>C:\ti\ccs1281\ccs\tools\compiler\ti-cgt-arm_20.2.7.LTS\lib\</path>
         <kind>archive</kind>
         <file>rtsv7M4_T_le_v4SPD16_eabi.lib</file>
         <name>exit.c.obj</name>
      </input_file>
      <input_file id="fl-ca">
         <path>C:\ti\ccs1281\ccs\tools\compiler\ti-cgt-arm_20.2.7.LTS\lib\</path>
         <kind>archive</kind>
         <file>rtsv7M4_T_le_v4SPD16_eabi.lib</file>
         <name>_lock.c.obj</name>
      </input_file>
      <input_file id="fl-cb">
         <path>C:\ti\ccs1281\ccs\tools\compiler\ti-cgt-arm_20.2.7.LTS\lib\</path>
         <kind>archive</kind>
         <file>rtsv7M4_T_le_v4SPD16_eabi.lib</file>
         <name>args_main.c.obj</name>
      </input_file>
   </input_file_list>
   <object_component_list>
      <object_component id="oc-12">
         <name>.intvecs</name>
         <load_address>0x0</load_address>
         <run_address>0x0</run_address>
         <size>0x26c</size>
         <input_file_ref idref="fl-3"/>
      </object_component>
      <object_component id="oc-89">
         <name>.text</name>
         <load_address>0x26c</load_address>
         <run_address>0x26c</run_address>
         <size>0x258</size>
         <input_file_ref idref="fl-4"/>
      </object_component>
      <object_component id="oc-33">
         <name>.text</name>
         <load_address>0x4c4</load_address>
         <run_address>0x4c4</run_address>
         <size>0x21c</size>
         <input_file_ref idref="fl-2"/>
      </object_component>
      <object_component id="oc-2d">
         <name>.text</name>
         <load_address>0x6e0</load_address>
         <run_address>0x6e0</run_address>
         <size>0xbc</size>
         <input_file_ref idref="fl-5"/>
      </object_component>
      <object_component id="oc-47">
         <name>.text</name>
         <load_address>0x79c</load_address>
         <run_address>0x79c</run_address>
         <size>0x9c</size>
         <input_file_ref idref="fl-c4"/>
      </object_component>
      <object_component id="oc-15">
         <name>.text:decompress:lzss:__TI_decompress_lzss</name>
         <load_address>0x838</load_address>
         <run_address>0x838</run_address>
         <size>0x68</size>
         <input_file_ref idref="fl-c2"/>
      </object_component>
      <object_component id="oc-fe">
         <name>.text:__TI_auto_init_nobinit_nopinit:__TI_auto_init_nobinit_nopinit</name>
         <load_address>0x8a0</load_address>
         <run_address>0x8a0</run_address>
         <size>0x44</size>
         <input_file_ref idref="fl-c6"/>
      </object_component>
      <object_component id="oc-65">
         <name>.text:_c_int00_noargs:_c_int00_noargs</name>
         <load_address>0x8e4</load_address>
         <run_address>0x8e4</run_address>
         <size>0x34</size>
         <input_file_ref idref="fl-c3"/>
      </object_component>
      <object_component id="oc-84">
         <name>.text</name>
         <load_address>0x918</load_address>
         <run_address>0x918</run_address>
         <size>0x18</size>
         <input_file_ref idref="fl-bf"/>
      </object_component>
      <object_component id="oc-1b">
         <name>.text:decompress:none:__TI_decompress_none</name>
         <load_address>0x930</load_address>
         <run_address>0x930</run_address>
         <size>0xe</size>
         <input_file_ref idref="fl-c1"/>
      </object_component>
      <object_component id="oc-27">
         <name>.text</name>
         <load_address>0x93e</load_address>
         <run_address>0x93e</run_address>
         <size>0xc</size>
         <input_file_ref idref="fl-3"/>
      </object_component>
      <object_component id="oc-bb">
         <name>.text:_system_pre_init</name>
         <load_address>0x94a</load_address>
         <run_address>0x94a</run_address>
         <size>0x4</size>
         <input_file_ref idref="fl-c7"/>
      </object_component>
      <object_component id="oc-f2">
         <name>.text:abort:abort</name>
         <load_address>0x94e</load_address>
         <run_address>0x94e</run_address>
         <size>0x4</size>
         <input_file_ref idref="fl-c9"/>
      </object_component>
      <object_component id="oc-1ab">
         <name>__TI_handler_table</name>
         <load_address>0x958</load_address>
         <run_address>0x958</run_address>
         <size>0x8</size>
      </object_component>
      <object_component id="oc-1ad">
         <name>.cinit..data.load</name>
         <load_address>0x960</load_address>
         <run_address>0x960</run_address>
         <size>0x7</size>
      </object_component>
      <object_component id="oc-1ac">
         <name>__TI_cinit_table</name>
         <load_address>0x968</load_address>
         <run_address>0x968</run_address>
         <size>0x8</size>
      </object_component>
      <object_component id="oc-8f">
         <name>.data</name>
         <load_address>0x20000204</load_address>
         <run_address>0x20000204</run_address>
         <size>0x1</size>
         <input_file_ref idref="fl-2"/>
      </object_component>
      <object_component id="oc-7a">
         <name>.data</name>
         <load_address>0x20000200</load_address>
         <run_address>0x20000200</run_address>
         <size>0x4</size>
         <input_file_ref idref="fl-5"/>
      </object_component>
      <object_component id="oc-24">
         <name>.stack</name>
         <uninitialized>true</uninitialized>
         <run_address>0x20000000</run_address>
         <size>0x4</size>
         <input_file_ref idref="fl-c3"/>
      </object_component>
      <object_component id="oc-1af">
         <name>.stack</name>
         <uninitialized>true</uninitialized>
         <run_address>0x20000000</run_address>
         <size>0x0</size>
      </object_component>
      <object_component id="oc-93">
         <name>.debug_info</name>
         <load_address>0x0</load_address>
         <run_address>0x0</run_address>
         <size>0x40e</size>
         <input_file_ref idref="fl-2"/>
      </object_component>
      <object_component id="oc-90">
         <name>.debug_info</name>
         <load_address>0x40e</load_address>
         <run_address>0x40e</run_address>
         <size>0x124</size>
         <input_file_ref idref="fl-2"/>
      </object_component>
      <object_component id="oc-34">
         <name>.debug_info</name>
         <load_address>0x532</load_address>
         <run_address>0x532</run_address>
         <size>0x3cc</size>
         <input_file_ref idref="fl-2"/>
      </object_component>
      <object_component id="oc-d3">
         <name>.debug_info</name>
         <load_address>0x8fe</load_address>
         <run_address>0x8fe</run_address>
         <size>0xb7</size>
         <input_file_ref idref="fl-2"/>
      </object_component>
      <object_component id="oc-42">
         <name>.debug_info</name>
         <load_address>0x9b5</load_address>
         <run_address>0x9b5</run_address>
         <size>0x84</size>
         <input_file_ref idref="fl-2"/>
      </object_component>
      <object_component id="oc-7e">
         <name>.debug_info</name>
         <load_address>0xa39</load_address>
         <run_address>0xa39</run_address>
         <size>0xae</size>
         <input_file_ref idref="fl-2"/>
      </object_component>
      <object_component id="oc-3b">
         <name>.debug_info</name>
         <load_address>0xae7</load_address>
         <run_address>0xae7</run_address>
         <size>0x34f</size>
         <input_file_ref idref="fl-3"/>
      </object_component>
      <object_component id="oc-13">
         <name>.debug_info</name>
         <load_address>0xe36</load_address>
         <run_address>0xe36</run_address>
         <size>0x13e</size>
         <input_file_ref idref="fl-3"/>
      </object_component>
      <object_component id="oc-2a">
         <name>.debug_info</name>
         <load_address>0xf74</load_address>
         <run_address>0xf74</run_address>
         <size>0x2ba</size>
         <input_file_ref idref="fl-3"/>
      </object_component>
      <object_component id="oc-96">
         <name>.debug_info</name>
         <load_address>0x122e</load_address>
         <run_address>0x122e</run_address>
         <size>0x26b</size>
         <input_file_ref idref="fl-3"/>
      </object_component>
      <object_component id="oc-dd">
         <name>.debug_info</name>
         <load_address>0x1499</load_address>
         <run_address>0x1499</run_address>
         <size>0x2a4</size>
         <input_file_ref idref="fl-3"/>
      </object_component>
      <object_component id="oc-9b">
         <name>.debug_info</name>
         <load_address>0x173d</load_address>
         <run_address>0x173d</run_address>
         <size>0xbb</size>
         <input_file_ref idref="fl-3"/>
      </object_component>
      <object_component id="oc-d8">
         <name>.debug_info</name>
         <load_address>0x17f8</load_address>
         <run_address>0x17f8</run_address>
         <size>0x2b0</size>
         <input_file_ref idref="fl-4"/>
      </object_component>
      <object_component id="oc-8b">
         <name>.debug_info</name>
         <load_address>0x1aa8</load_address>
         <run_address>0x1aa8</run_address>
         <size>0x657</size>
         <input_file_ref idref="fl-4"/>
      </object_component>
      <object_component id="oc-83">
         <name>.debug_info</name>
         <load_address>0x20ff</load_address>
         <run_address>0x20ff</run_address>
         <size>0x2bc</size>
         <input_file_ref idref="fl-5"/>
      </object_component>
      <object_component id="oc-7b">
         <name>.debug_info</name>
         <load_address>0x23bb</load_address>
         <run_address>0x23bb</run_address>
         <size>0x143</size>
         <input_file_ref idref="fl-5"/>
      </object_component>
      <object_component id="oc-2f">
         <name>.debug_info</name>
         <load_address>0x24fe</load_address>
         <run_address>0x24fe</run_address>
         <size>0x546</size>
         <input_file_ref idref="fl-5"/>
      </object_component>
      <object_component id="oc-85">
         <name>.debug_info</name>
         <load_address>0x2a44</load_address>
         <run_address>0x2a44</run_address>
         <size>0x122</size>
         <input_file_ref idref="fl-bf"/>
      </object_component>
      <object_component id="oc-52">
         <name>.debug_info</name>
         <load_address>0x2b66</load_address>
         <run_address>0x2b66</run_address>
         <size>0x2a8</size>
         <input_file_ref idref="fl-c1"/>
      </object_component>
      <object_component id="oc-1f">
         <name>.debug_info</name>
         <load_address>0x2e0e</load_address>
         <run_address>0x2e0e</run_address>
         <size>0x1ea</size>
         <input_file_ref idref="fl-c1"/>
      </object_component>
      <object_component id="oc-4d">
         <name>.debug_info</name>
         <load_address>0x2ff8</load_address>
         <run_address>0x2ff8</run_address>
         <size>0x46</size>
         <input_file_ref idref="fl-c1"/>
      </object_component>
      <object_component id="oc-a7">
         <name>.debug_info</name>
         <load_address>0x303e</load_address>
         <run_address>0x303e</run_address>
         <size>0x2c</size>
         <input_file_ref idref="fl-c1"/>
      </object_component>
      <object_component id="oc-a5">
         <name>.debug_info</name>
         <load_address>0x306a</load_address>
         <run_address>0x306a</run_address>
         <size>0x29e</size>
         <input_file_ref idref="fl-c2"/>
      </object_component>
      <object_component id="oc-17">
         <name>.debug_info</name>
         <load_address>0x3308</load_address>
         <run_address>0x3308</run_address>
         <size>0x250</size>
         <input_file_ref idref="fl-c2"/>
      </object_component>
      <object_component id="oc-3d">
         <name>.debug_info</name>
         <load_address>0x3558</load_address>
         <run_address>0x3558</run_address>
         <size>0x60</size>
         <input_file_ref idref="fl-c2"/>
      </object_component>
      <object_component id="oc-e2">
         <name>.debug_info</name>
         <load_address>0x35b8</load_address>
         <run_address>0x35b8</run_address>
         <size>0x46</size>
         <input_file_ref idref="fl-c2"/>
      </object_component>
      <object_component id="oc-a0">
         <name>.debug_info</name>
         <load_address>0x35fe</load_address>
         <run_address>0x35fe</run_address>
         <size>0x39</size>
         <input_file_ref idref="fl-c2"/>
      </object_component>
      <object_component id="oc-25">
         <name>.debug_info</name>
         <load_address>0x3637</load_address>
         <run_address>0x3637</run_address>
         <size>0x10b</size>
         <input_file_ref idref="fl-c3"/>
      </object_component>
      <object_component id="oc-67">
         <name>.debug_info</name>
         <load_address>0x3742</load_address>
         <run_address>0x3742</run_address>
         <size>0x1a9</size>
         <input_file_ref idref="fl-c3"/>
      </object_component>
      <object_component id="oc-49">
         <name>.debug_info</name>
         <load_address>0x38eb</load_address>
         <run_address>0x38eb</run_address>
         <size>0x119</size>
         <input_file_ref idref="fl-c4"/>
      </object_component>
      <object_component id="oc-13d">
         <name>.debug_info</name>
         <load_address>0x3a04</load_address>
         <run_address>0x3a04</run_address>
         <size>0x4b3</size>
         <input_file_ref idref="fl-c6"/>
      </object_component>
      <object_component id="oc-ff">
         <name>.debug_info</name>
         <load_address>0x3eb7</load_address>
         <run_address>0x3eb7</run_address>
         <size>0x1a6</size>
         <input_file_ref idref="fl-c6"/>
      </object_component>
      <object_component id="oc-162">
         <name>.debug_info</name>
         <load_address>0x405d</load_address>
         <run_address>0x405d</run_address>
         <size>0x39</size>
         <input_file_ref idref="fl-c6"/>
      </object_component>
      <object_component id="oc-176">
         <name>.debug_info</name>
         <load_address>0x4096</load_address>
         <run_address>0x4096</run_address>
         <size>0x39</size>
         <input_file_ref idref="fl-c6"/>
      </object_component>
      <object_component id="oc-167">
         <name>.debug_info</name>
         <load_address>0x40cf</load_address>
         <run_address>0x40cf</run_address>
         <size>0x39</size>
         <input_file_ref idref="fl-c6"/>
      </object_component>
      <object_component id="oc-16c">
         <name>.debug_info</name>
         <load_address>0x4108</load_address>
         <run_address>0x4108</run_address>
         <size>0xcd</size>
         <input_file_ref idref="fl-c6"/>
      </object_component>
      <object_component id="oc-bf">
         <name>.debug_info</name>
         <load_address>0x41d5</load_address>
         <run_address>0x41d5</run_address>
         <size>0x153</size>
         <input_file_ref idref="fl-c7"/>
      </object_component>
      <object_component id="oc-f4">
         <name>.debug_info</name>
         <load_address>0x4328</load_address>
         <run_address>0x4328</run_address>
         <size>0x122</size>
         <input_file_ref idref="fl-c9"/>
      </object_component>
      <object_component id="oc-1b0">
         <name>.debug_info</name>
         <load_address>0x444a</load_address>
         <run_address>0x444a</run_address>
         <size>0xf1</size>
      </object_component>
      <object_component id="oc-dc">
         <name>.debug_line</name>
         <load_address>0x0</load_address>
         <run_address>0x0</run_address>
         <size>0x54</size>
         <input_file_ref idref="fl-2"/>
      </object_component>
      <object_component id="oc-da">
         <name>.debug_line</name>
         <load_address>0x54</load_address>
         <run_address>0x54</run_address>
         <size>0x2d</size>
         <input_file_ref idref="fl-2"/>
      </object_component>
      <object_component id="oc-37">
         <name>.debug_line</name>
         <load_address>0x81</load_address>
         <run_address>0x81</run_address>
         <size>0x100</size>
         <input_file_ref idref="fl-2"/>
      </object_component>
      <object_component id="oc-d6">
         <name>.debug_line</name>
         <load_address>0x181</load_address>
         <run_address>0x181</run_address>
         <size>0x37</size>
         <input_file_ref idref="fl-2"/>
      </object_component>
      <object_component id="oc-45">
         <name>.debug_line</name>
         <load_address>0x1b8</load_address>
         <run_address>0x1b8</run_address>
         <size>0x20</size>
         <input_file_ref idref="fl-2"/>
      </object_component>
      <object_component id="oc-81">
         <name>.debug_line</name>
         <load_address>0x1d8</load_address>
         <run_address>0x1d8</run_address>
         <size>0x32</size>
         <input_file_ref idref="fl-2"/>
      </object_component>
      <object_component id="oc-95">
         <name>.debug_line</name>
         <load_address>0x20a</load_address>
         <run_address>0x20a</run_address>
         <size>0x41</size>
         <input_file_ref idref="fl-3"/>
      </object_component>
      <object_component id="oc-3a">
         <name>.debug_line</name>
         <load_address>0x24b</load_address>
         <run_address>0x24b</run_address>
         <size>0x41</size>
         <input_file_ref idref="fl-3"/>
      </object_component>
      <object_component id="oc-2c">
         <name>.debug_line</name>
         <load_address>0x28c</load_address>
         <run_address>0x28c</run_address>
         <size>0xa1</size>
         <input_file_ref idref="fl-3"/>
      </object_component>
      <object_component id="oc-99">
         <name>.debug_line</name>
         <load_address>0x32d</load_address>
         <run_address>0x32d</run_address>
         <size>0x6f</size>
         <input_file_ref idref="fl-3"/>
      </object_component>
      <object_component id="oc-e0">
         <name>.debug_line</name>
         <load_address>0x39c</load_address>
         <run_address>0x39c</run_address>
         <size>0x73</size>
         <input_file_ref idref="fl-3"/>
      </object_component>
      <object_component id="oc-9e">
         <name>.debug_line</name>
         <load_address>0x40f</load_address>
         <run_address>0x40f</run_address>
         <size>0x70</size>
         <input_file_ref idref="fl-3"/>
      </object_component>
      <object_component id="oc-131">
         <name>.debug_line</name>
         <load_address>0x47f</load_address>
         <run_address>0x47f</run_address>
         <size>0x20</size>
         <input_file_ref idref="fl-4"/>
      </object_component>
      <object_component id="oc-8a">
         <name>.debug_line</name>
         <load_address>0x49f</load_address>
         <run_address>0x49f</run_address>
         <size>0x11d</size>
         <input_file_ref idref="fl-4"/>
      </object_component>
      <object_component id="oc-d0">
         <name>.debug_line</name>
         <load_address>0x5bc</load_address>
         <run_address>0x5bc</run_address>
         <size>0x20</size>
         <input_file_ref idref="fl-5"/>
      </object_component>
      <object_component id="oc-ce">
         <name>.debug_line</name>
         <load_address>0x5dc</load_address>
         <run_address>0x5dc</run_address>
         <size>0x3d</size>
         <input_file_ref idref="fl-5"/>
      </object_component>
      <object_component id="oc-2e">
         <name>.debug_line</name>
         <load_address>0x619</load_address>
         <run_address>0x619</run_address>
         <size>0x104</size>
         <input_file_ref idref="fl-5"/>
      </object_component>
      <object_component id="oc-88">
         <name>.debug_line</name>
         <load_address>0x71d</load_address>
         <run_address>0x71d</run_address>
         <size>0x43</size>
         <input_file_ref idref="fl-bf"/>
      </object_component>
      <object_component id="oc-ad">
         <name>.debug_line</name>
         <load_address>0x760</load_address>
         <run_address>0x760</run_address>
         <size>0x20</size>
         <input_file_ref idref="fl-c1"/>
      </object_component>
      <object_component id="oc-1d">
         <name>.debug_line</name>
         <load_address>0x780</load_address>
         <run_address>0x780</run_address>
         <size>0x55</size>
         <input_file_ref idref="fl-c1"/>
      </object_component>
      <object_component id="oc-50">
         <name>.debug_line</name>
         <load_address>0x7d5</load_address>
         <run_address>0x7d5</run_address>
         <size>0x3a</size>
         <input_file_ref idref="fl-c1"/>
      </object_component>
      <object_component id="oc-aa">
         <name>.debug_line</name>
         <load_address>0x80f</load_address>
         <run_address>0x80f</run_address>
         <size>0x92</size>
         <input_file_ref idref="fl-c1"/>
      </object_component>
      <object_component id="oc-e8">
         <name>.debug_line</name>
         <load_address>0x8a1</load_address>
         <run_address>0x8a1</run_address>
         <size>0x20</size>
         <input_file_ref idref="fl-c2"/>
      </object_component>
      <object_component id="oc-1a">
         <name>.debug_line</name>
         <load_address>0x8c1</load_address>
         <run_address>0x8c1</run_address>
         <size>0xa9</size>
         <input_file_ref idref="fl-c2"/>
      </object_component>
      <object_component id="oc-40">
         <name>.debug_line</name>
         <load_address>0x96a</load_address>
         <run_address>0x96a</run_address>
         <size>0x3a</size>
         <input_file_ref idref="fl-c2"/>
      </object_component>
      <object_component id="oc-e5">
         <name>.debug_line</name>
         <load_address>0x9a4</load_address>
         <run_address>0x9a4</run_address>
         <size>0x9a</size>
         <input_file_ref idref="fl-c2"/>
      </object_component>
      <object_component id="oc-a3">
         <name>.debug_line</name>
         <load_address>0xa3e</load_address>
         <run_address>0xa3e</run_address>
         <size>0x96</size>
         <input_file_ref idref="fl-c2"/>
      </object_component>
      <object_component id="oc-78">
         <name>.debug_line</name>
         <load_address>0xad4</load_address>
         <run_address>0xad4</run_address>
         <size>0x33</size>
         <input_file_ref idref="fl-c3"/>
      </object_component>
      <object_component id="oc-6a">
         <name>.debug_line</name>
         <load_address>0xb07</load_address>
         <run_address>0xb07</run_address>
         <size>0x45</size>
         <input_file_ref idref="fl-c3"/>
      </object_component>
      <object_component id="oc-48">
         <name>.debug_line</name>
         <load_address>0xb4c</load_address>
         <run_address>0xb4c</run_address>
         <size>0x88</size>
         <input_file_ref idref="fl-c4"/>
      </object_component>
      <object_component id="oc-161">
         <name>.debug_line</name>
         <load_address>0xbd4</load_address>
         <run_address>0xbd4</run_address>
         <size>0xbf</size>
         <input_file_ref idref="fl-c6"/>
      </object_component>
      <object_component id="oc-103">
         <name>.debug_line</name>
         <load_address>0xc93</load_address>
         <run_address>0xc93</run_address>
         <size>0x6f</size>
         <input_file_ref idref="fl-c6"/>
      </object_component>
      <object_component id="oc-165">
         <name>.debug_line</name>
         <load_address>0xd02</load_address>
         <run_address>0xd02</run_address>
         <size>0x2e</size>
         <input_file_ref idref="fl-c6"/>
      </object_component>
      <object_component id="oc-179">
         <name>.debug_line</name>
         <load_address>0xd30</load_address>
         <run_address>0xd30</run_address>
         <size>0x9a</size>
         <input_file_ref idref="fl-c6"/>
      </object_component>
      <object_component id="oc-16a">
         <name>.debug_line</name>
         <load_address>0xdca</load_address>
         <run_address>0xdca</run_address>
         <size>0x97</size>
         <input_file_ref idref="fl-c6"/>
      </object_component>
      <object_component id="oc-16f">
         <name>.debug_line</name>
         <load_address>0xe61</load_address>
         <run_address>0xe61</run_address>
         <size>0x93</size>
         <input_file_ref idref="fl-c6"/>
      </object_component>
      <object_component id="oc-be">
         <name>.debug_line</name>
         <load_address>0xef4</load_address>
         <run_address>0xef4</run_address>
         <size>0x40</size>
         <input_file_ref idref="fl-c7"/>
      </object_component>
      <object_component id="oc-f7">
         <name>.debug_line</name>
         <load_address>0xf34</load_address>
         <run_address>0xf34</run_address>
         <size>0x3c</size>
         <input_file_ref idref="fl-c9"/>
      </object_component>
      <object_component id="oc-38">
         <name>.debug_frame</name>
         <load_address>0x0</load_address>
         <run_address>0x0</run_address>
         <size>0xd8</size>
         <input_file_ref idref="fl-2"/>
      </object_component>
      <object_component id="oc-29">
         <name>.debug_frame</name>
         <load_address>0xd8</load_address>
         <run_address>0xd8</run_address>
         <size>0x90</size>
         <input_file_ref idref="fl-3"/>
      </object_component>
      <object_component id="oc-8e">
         <name>.debug_frame</name>
         <load_address>0x168</load_address>
         <run_address>0x168</run_address>
         <size>0xd8</size>
         <input_file_ref idref="fl-4"/>
      </object_component>
      <object_component id="oc-32">
         <name>.debug_frame</name>
         <load_address>0x240</load_address>
         <run_address>0x240</run_address>
         <size>0xdc</size>
         <input_file_ref idref="fl-5"/>
      </object_component>
      <object_component id="oc-1e">
         <name>.debug_frame</name>
         <load_address>0x31c</load_address>
         <run_address>0x31c</run_address>
         <size>0x54</size>
         <input_file_ref idref="fl-c1"/>
      </object_component>
      <object_component id="oc-16">
         <name>.debug_frame</name>
         <load_address>0x370</load_address>
         <run_address>0x370</run_address>
         <size>0x60</size>
         <input_file_ref idref="fl-c2"/>
      </object_component>
      <object_component id="oc-66">
         <name>.debug_frame</name>
         <load_address>0x3d0</load_address>
         <run_address>0x3d0</run_address>
         <size>0x50</size>
         <input_file_ref idref="fl-c3"/>
      </object_component>
      <object_component id="oc-102">
         <name>.debug_frame</name>
         <load_address>0x420</load_address>
         <run_address>0x420</run_address>
         <size>0x5c</size>
         <input_file_ref idref="fl-c6"/>
      </object_component>
      <object_component id="oc-bd">
         <name>.debug_frame</name>
         <load_address>0x47c</load_address>
         <run_address>0x47c</run_address>
         <size>0x54</size>
         <input_file_ref idref="fl-c7"/>
      </object_component>
      <object_component id="oc-f3">
         <name>.debug_frame</name>
         <load_address>0x4d0</load_address>
         <run_address>0x4d0</run_address>
         <size>0x54</size>
         <input_file_ref idref="fl-c9"/>
      </object_component>
      <object_component id="oc-db">
         <name>.debug_abbrev</name>
         <load_address>0x0</load_address>
         <run_address>0x0</run_address>
         <size>0x6f</size>
         <input_file_ref idref="fl-2"/>
      </object_component>
      <object_component id="oc-d9">
         <name>.debug_abbrev</name>
         <load_address>0x6f</load_address>
         <run_address>0x6f</run_address>
         <size>0x29</size>
         <input_file_ref idref="fl-2"/>
      </object_component>
      <object_component id="oc-92">
         <name>.debug_abbrev</name>
         <load_address>0x98</load_address>
         <run_address>0x98</run_address>
         <size>0xa9</size>
         <input_file_ref idref="fl-2"/>
      </object_component>
      <object_component id="oc-d5">
         <name>.debug_abbrev</name>
         <load_address>0x141</load_address>
         <run_address>0x141</run_address>
         <size>0x53</size>
         <input_file_ref idref="fl-2"/>
      </object_component>
      <object_component id="oc-44">
         <name>.debug_abbrev</name>
         <load_address>0x194</load_address>
         <run_address>0x194</run_address>
         <size>0x1f</size>
         <input_file_ref idref="fl-2"/>
      </object_component>
      <object_component id="oc-80">
         <name>.debug_abbrev</name>
         <load_address>0x1b3</load_address>
         <run_address>0x1b3</run_address>
         <size>0x35</size>
         <input_file_ref idref="fl-2"/>
      </object_component>
      <object_component id="oc-94">
         <name>.debug_abbrev</name>
         <load_address>0x1e8</load_address>
         <run_address>0x1e8</run_address>
         <size>0x7c</size>
         <input_file_ref idref="fl-3"/>
      </object_component>
      <object_component id="oc-39">
         <name>.debug_abbrev</name>
         <load_address>0x264</load_address>
         <run_address>0x264</run_address>
         <size>0x29</size>
         <input_file_ref idref="fl-3"/>
      </object_component>
      <object_component id="oc-79">
         <name>.debug_abbrev</name>
         <load_address>0x28d</load_address>
         <run_address>0x28d</run_address>
         <size>0x79</size>
         <input_file_ref idref="fl-3"/>
      </object_component>
      <object_component id="oc-98">
         <name>.debug_abbrev</name>
         <load_address>0x306</load_address>
         <run_address>0x306</run_address>
         <size>0x69</size>
         <input_file_ref idref="fl-3"/>
      </object_component>
      <object_component id="oc-df">
         <name>.debug_abbrev</name>
         <load_address>0x36f</load_address>
         <run_address>0x36f</run_address>
         <size>0x5c</size>
         <input_file_ref idref="fl-3"/>
      </object_component>
      <object_component id="oc-9d">
         <name>.debug_abbrev</name>
         <load_address>0x3cb</load_address>
         <run_address>0x3cb</run_address>
         <size>0x24</size>
         <input_file_ref idref="fl-3"/>
      </object_component>
      <object_component id="oc-130">
         <name>.debug_abbrev</name>
         <load_address>0x3ef</load_address>
         <run_address>0x3ef</run_address>
         <size>0x2e</size>
         <input_file_ref idref="fl-4"/>
      </object_component>
      <object_component id="oc-d2">
         <name>.debug_abbrev</name>
         <load_address>0x41d</load_address>
         <run_address>0x41d</run_address>
         <size>0x6c</size>
         <input_file_ref idref="fl-4"/>
      </object_component>
      <object_component id="oc-cf">
         <name>.debug_abbrev</name>
         <load_address>0x489</load_address>
         <run_address>0x489</run_address>
         <size>0x37</size>
         <input_file_ref idref="fl-5"/>
      </object_component>
      <object_component id="oc-cd">
         <name>.debug_abbrev</name>
         <load_address>0x4c0</load_address>
         <run_address>0x4c0</run_address>
         <size>0x27</size>
         <input_file_ref idref="fl-5"/>
      </object_component>
      <object_component id="oc-7d">
         <name>.debug_abbrev</name>
         <load_address>0x4e7</load_address>
         <run_address>0x4e7</run_address>
         <size>0x89</size>
         <input_file_ref idref="fl-5"/>
      </object_component>
      <object_component id="oc-d1">
         <name>.debug_abbrev</name>
         <load_address>0x570</load_address>
         <run_address>0x570</run_address>
         <size>0x3c</size>
         <input_file_ref idref="fl-bf"/>
      </object_component>
      <object_component id="oc-ac">
         <name>.debug_abbrev</name>
         <load_address>0x5ac</load_address>
         <run_address>0x5ac</run_address>
         <size>0x37</size>
         <input_file_ref idref="fl-c1"/>
      </object_component>
      <object_component id="oc-4c">
         <name>.debug_abbrev</name>
         <load_address>0x5e3</load_address>
         <run_address>0x5e3</run_address>
         <size>0x74</size>
         <input_file_ref idref="fl-c1"/>
      </object_component>
      <object_component id="oc-4f">
         <name>.debug_abbrev</name>
         <load_address>0x657</load_address>
         <run_address>0x657</run_address>
         <size>0x24</size>
         <input_file_ref idref="fl-c1"/>
      </object_component>
      <object_component id="oc-a9">
         <name>.debug_abbrev</name>
         <load_address>0x67b</load_address>
         <run_address>0x67b</run_address>
         <size>0x24</size>
         <input_file_ref idref="fl-c1"/>
      </object_component>
      <object_component id="oc-e7">
         <name>.debug_abbrev</name>
         <load_address>0x69f</load_address>
         <run_address>0x69f</run_address>
         <size>0x37</size>
         <input_file_ref idref="fl-c2"/>
      </object_component>
      <object_component id="oc-3c">
         <name>.debug_abbrev</name>
         <load_address>0x6d6</load_address>
         <run_address>0x6d6</run_address>
         <size>0x6f</size>
         <input_file_ref idref="fl-c2"/>
      </object_component>
      <object_component id="oc-3f">
         <name>.debug_abbrev</name>
         <load_address>0x745</load_address>
         <run_address>0x745</run_address>
         <size>0x24</size>
         <input_file_ref idref="fl-c2"/>
      </object_component>
      <object_component id="oc-e4">
         <name>.debug_abbrev</name>
         <load_address>0x769</load_address>
         <run_address>0x769</run_address>
         <size>0x35</size>
         <input_file_ref idref="fl-c2"/>
      </object_component>
      <object_component id="oc-a2">
         <name>.debug_abbrev</name>
         <load_address>0x79e</load_address>
         <run_address>0x79e</run_address>
         <size>0x24</size>
         <input_file_ref idref="fl-c2"/>
      </object_component>
      <object_component id="oc-77">
         <name>.debug_abbrev</name>
         <load_address>0x7c2</load_address>
         <run_address>0x7c2</run_address>
         <size>0x29</size>
         <input_file_ref idref="fl-c3"/>
      </object_component>
      <object_component id="oc-c4">
         <name>.debug_abbrev</name>
         <load_address>0x7eb</load_address>
         <run_address>0x7eb</run_address>
         <size>0x55</size>
         <input_file_ref idref="fl-c3"/>
      </object_component>
      <object_component id="oc-a6">
         <name>.debug_abbrev</name>
         <load_address>0x840</load_address>
         <run_address>0x840</run_address>
         <size>0x3e</size>
         <input_file_ref idref="fl-c4"/>
      </object_component>
      <object_component id="oc-160">
         <name>.debug_abbrev</name>
         <load_address>0x87e</load_address>
         <run_address>0x87e</run_address>
         <size>0xc0</size>
         <input_file_ref idref="fl-c6"/>
      </object_component>
      <object_component id="oc-13c">
         <name>.debug_abbrev</name>
         <load_address>0x93e</load_address>
         <run_address>0x93e</run_address>
         <size>0x7e</size>
         <input_file_ref idref="fl-c6"/>
      </object_component>
      <object_component id="oc-164">
         <name>.debug_abbrev</name>
         <load_address>0x9bc</load_address>
         <run_address>0x9bc</run_address>
         <size>0x24</size>
         <input_file_ref idref="fl-c6"/>
      </object_component>
      <object_component id="oc-178">
         <name>.debug_abbrev</name>
         <load_address>0x9e0</load_address>
         <run_address>0x9e0</run_address>
         <size>0x24</size>
         <input_file_ref idref="fl-c6"/>
      </object_component>
      <object_component id="oc-169">
         <name>.debug_abbrev</name>
         <load_address>0xa04</load_address>
         <run_address>0xa04</run_address>
         <size>0x24</size>
         <input_file_ref idref="fl-c6"/>
      </object_component>
      <object_component id="oc-16e">
         <name>.debug_abbrev</name>
         <load_address>0xa28</load_address>
         <run_address>0xa28</run_address>
         <size>0x4b</size>
         <input_file_ref idref="fl-c6"/>
      </object_component>
      <object_component id="oc-f1">
         <name>.debug_abbrev</name>
         <load_address>0xa73</load_address>
         <run_address>0xa73</run_address>
         <size>0x55</size>
         <input_file_ref idref="fl-c7"/>
      </object_component>
      <object_component id="oc-132">
         <name>.debug_abbrev</name>
         <load_address>0xac8</load_address>
         <run_address>0xac8</run_address>
         <size>0x45</size>
         <input_file_ref idref="fl-c9"/>
      </object_component>
      <object_component id="oc-1b1">
         <name>.debug_abbrev</name>
         <load_address>0xb0d</load_address>
         <run_address>0xb0d</run_address>
         <size>0xf</size>
      </object_component>
      <object_component id="oc-d7">
         <name>.debug_str</name>
         <load_address>0x0</load_address>
         <run_address>0x0</run_address>
         <size>0x236</size>
         <input_file_ref idref="fl-2"/>
      </object_component>
      <object_component id="oc-46">
         <name>.debug_str</name>
         <load_address>0x236</load_address>
         <run_address>0x236</run_address>
         <size>0xfd</size>
         <input_file_ref idref="fl-2"/>
      </object_component>
      <object_component id="oc-82">
         <name>.debug_str</name>
         <load_address>0x333</load_address>
         <run_address>0x333</run_address>
         <size>0x142</size>
         <input_file_ref idref="fl-2"/>
      </object_component>
      <object_component id="oc-9a">
         <name>.debug_str</name>
         <load_address>0x475</load_address>
         <run_address>0x475</run_address>
         <size>0x302</size>
         <input_file_ref idref="fl-3"/>
      </object_component>
      <object_component id="oc-e1">
         <name>.debug_str</name>
         <load_address>0x777</load_address>
         <run_address>0x777</run_address>
         <size>0x398</size>
         <input_file_ref idref="fl-3"/>
      </object_component>
      <object_component id="oc-9f">
         <name>.debug_str</name>
         <load_address>0xb0f</load_address>
         <run_address>0xb0f</run_address>
         <size>0x19a</size>
         <input_file_ref idref="fl-3"/>
      </object_component>
      <object_component id="oc-51">
         <name>.debug_str</name>
         <load_address>0xca9</load_address>
         <run_address>0xca9</run_address>
         <size>0x10b</size>
         <input_file_ref idref="fl-c1"/>
      </object_component>
      <object_component id="oc-ab">
         <name>.debug_str</name>
         <load_address>0xdb4</load_address>
         <run_address>0xdb4</run_address>
         <size>0x140</size>
         <input_file_ref idref="fl-c1"/>
      </object_component>
      <object_component id="oc-41">
         <name>.debug_str</name>
         <load_address>0xef4</load_address>
         <run_address>0xef4</run_address>
         <size>0x118</size>
         <input_file_ref idref="fl-c2"/>
      </object_component>
      <object_component id="oc-e6">
         <name>.debug_str</name>
         <load_address>0x100c</load_address>
         <run_address>0x100c</run_address>
         <size>0x16b</size>
         <input_file_ref idref="fl-c2"/>
      </object_component>
      <object_component id="oc-a4">
         <name>.debug_str</name>
         <load_address>0x1177</load_address>
         <run_address>0x1177</run_address>
         <size>0x158</size>
         <input_file_ref idref="fl-c2"/>
      </object_component>
      <object_component id="oc-166">
         <name>.debug_str</name>
         <load_address>0x12cf</load_address>
         <run_address>0x12cf</run_address>
         <size>0xed</size>
         <input_file_ref idref="fl-c6"/>
      </object_component>
      <object_component id="oc-17a">
         <name>.debug_str</name>
         <load_address>0x13bc</load_address>
         <run_address>0x13bc</run_address>
         <size>0x157</size>
         <input_file_ref idref="fl-c6"/>
      </object_component>
      <object_component id="oc-16b">
         <name>.debug_str</name>
         <load_address>0x1513</load_address>
         <run_address>0x1513</run_address>
         <size>0x150</size>
         <input_file_ref idref="fl-c6"/>
      </object_component>
      <object_component id="oc-170">
         <name>.debug_str</name>
         <load_address>0x1663</load_address>
         <run_address>0x1663</run_address>
         <size>0x197</size>
         <input_file_ref idref="fl-c6"/>
      </object_component>
      <object_component id="oc-35">
         <name>.debug_aranges</name>
         <load_address>0x0</load_address>
         <run_address>0x0</run_address>
         <size>0x48</size>
         <input_file_ref idref="fl-2"/>
      </object_component>
      <object_component id="oc-28">
         <name>.debug_aranges</name>
         <load_address>0x48</load_address>
         <run_address>0x48</run_address>
         <size>0x38</size>
         <input_file_ref idref="fl-3"/>
      </object_component>
      <object_component id="oc-8c">
         <name>.debug_aranges</name>
         <load_address>0x80</load_address>
         <run_address>0x80</run_address>
         <size>0x48</size>
         <input_file_ref idref="fl-4"/>
      </object_component>
      <object_component id="oc-30">
         <name>.debug_aranges</name>
         <load_address>0xc8</load_address>
         <run_address>0xc8</run_address>
         <size>0x50</size>
         <input_file_ref idref="fl-5"/>
      </object_component>
      <object_component id="oc-87">
         <name>.debug_aranges</name>
         <load_address>0x118</load_address>
         <run_address>0x118</run_address>
         <size>0x20</size>
         <input_file_ref idref="fl-bf"/>
      </object_component>
      <object_component id="oc-1c">
         <name>.debug_aranges</name>
         <load_address>0x138</load_address>
         <run_address>0x138</run_address>
         <size>0x20</size>
         <input_file_ref idref="fl-c1"/>
      </object_component>
      <object_component id="oc-18">
         <name>.debug_aranges</name>
         <load_address>0x158</load_address>
         <run_address>0x158</run_address>
         <size>0x20</size>
         <input_file_ref idref="fl-c2"/>
      </object_component>
      <object_component id="oc-69">
         <name>.debug_aranges</name>
         <load_address>0x178</load_address>
         <run_address>0x178</run_address>
         <size>0x20</size>
         <input_file_ref idref="fl-c3"/>
      </object_component>
      <object_component id="oc-4b">
         <name>.debug_aranges</name>
         <load_address>0x198</load_address>
         <run_address>0x198</run_address>
         <size>0x20</size>
         <input_file_ref idref="fl-c4"/>
      </object_component>
      <object_component id="oc-101">
         <name>.debug_aranges</name>
         <load_address>0x1b8</load_address>
         <run_address>0x1b8</run_address>
         <size>0x20</size>
         <input_file_ref idref="fl-c6"/>
      </object_component>
      <object_component id="oc-bc">
         <name>.debug_aranges</name>
         <load_address>0x1d8</load_address>
         <run_address>0x1d8</run_address>
         <size>0x20</size>
         <input_file_ref idref="fl-c7"/>
      </object_component>
      <object_component id="oc-f6">
         <name>.debug_aranges</name>
         <load_address>0x1f8</load_address>
         <run_address>0x1f8</run_address>
         <size>0x20</size>
         <input_file_ref idref="fl-c9"/>
      </object_component>
      <object_component id="oc-91">
         <name>.debug_pubnames</name>
         <load_address>0x0</load_address>
         <run_address>0x0</run_address>
         <size>0x20</size>
         <input_file_ref idref="fl-2"/>
      </object_component>
      <object_component id="oc-36">
         <name>.debug_pubnames</name>
         <load_address>0x20</load_address>
         <run_address>0x20</run_address>
         <size>0x72</size>
         <input_file_ref idref="fl-2"/>
      </object_component>
      <object_component id="oc-14">
         <name>.debug_pubnames</name>
         <load_address>0x92</load_address>
         <run_address>0x92</run_address>
         <size>0x23</size>
         <input_file_ref idref="fl-3"/>
      </object_component>
      <object_component id="oc-2b">
         <name>.debug_pubnames</name>
         <load_address>0xb5</load_address>
         <run_address>0xb5</run_address>
         <size>0x4c</size>
         <input_file_ref idref="fl-3"/>
      </object_component>
      <object_component id="oc-8d">
         <name>.debug_pubnames</name>
         <load_address>0x101</load_address>
         <run_address>0x101</run_address>
         <size>0xa2</size>
         <input_file_ref idref="fl-4"/>
      </object_component>
      <object_component id="oc-7c">
         <name>.debug_pubnames</name>
         <load_address>0x1a3</load_address>
         <run_address>0x1a3</run_address>
         <size>0x28</size>
         <input_file_ref idref="fl-5"/>
      </object_component>
      <object_component id="oc-31">
         <name>.debug_pubnames</name>
         <load_address>0x1cb</load_address>
         <run_address>0x1cb</run_address>
         <size>0x9f</size>
         <input_file_ref idref="fl-5"/>
      </object_component>
      <object_component id="oc-86">
         <name>.debug_pubnames</name>
         <load_address>0x26a</load_address>
         <run_address>0x26a</run_address>
         <size>0x23</size>
         <input_file_ref idref="fl-bf"/>
      </object_component>
      <object_component id="oc-20">
         <name>.debug_pubnames</name>
         <load_address>0x28d</load_address>
         <run_address>0x28d</run_address>
         <size>0x2b</size>
         <input_file_ref idref="fl-c1"/>
      </object_component>
      <object_component id="oc-19">
         <name>.debug_pubnames</name>
         <load_address>0x2b8</load_address>
         <run_address>0x2b8</run_address>
         <size>0x2b</size>
         <input_file_ref idref="fl-c2"/>
      </object_component>
      <object_component id="oc-26">
         <name>.debug_pubnames</name>
         <load_address>0x2e3</load_address>
         <run_address>0x2e3</run_address>
         <size>0x1e</size>
         <input_file_ref idref="fl-c3"/>
      </object_component>
      <object_component id="oc-68">
         <name>.debug_pubnames</name>
         <load_address>0x301</load_address>
         <run_address>0x301</run_address>
         <size>0x26</size>
         <input_file_ref idref="fl-c3"/>
      </object_component>
      <object_component id="oc-4a">
         <name>.debug_pubnames</name>
         <load_address>0x327</load_address>
         <run_address>0x327</run_address>
         <size>0x1d</size>
         <input_file_ref idref="fl-c4"/>
      </object_component>
      <object_component id="oc-100">
         <name>.debug_pubnames</name>
         <load_address>0x344</load_address>
         <run_address>0x344</run_address>
         <size>0x35</size>
         <input_file_ref idref="fl-c6"/>
      </object_component>
      <object_component id="oc-c0">
         <name>.debug_pubnames</name>
         <load_address>0x379</load_address>
         <run_address>0x379</run_address>
         <size>0x27</size>
         <input_file_ref idref="fl-c7"/>
      </object_component>
      <object_component id="oc-f5">
         <name>.debug_pubnames</name>
         <load_address>0x3a0</load_address>
         <run_address>0x3a0</run_address>
         <size>0x1c</size>
         <input_file_ref idref="fl-c9"/>
      </object_component>
      <object_component id="oc-d4">
         <name>.debug_pubtypes</name>
         <load_address>0x0</load_address>
         <run_address>0x0</run_address>
         <size>0x72</size>
         <input_file_ref idref="fl-2"/>
      </object_component>
      <object_component id="oc-43">
         <name>.debug_pubtypes</name>
         <load_address>0x72</load_address>
         <run_address>0x72</run_address>
         <size>0xed</size>
         <input_file_ref idref="fl-2"/>
      </object_component>
      <object_component id="oc-7f">
         <name>.debug_pubtypes</name>
         <load_address>0x15f</load_address>
         <run_address>0x15f</run_address>
         <size>0x8c</size>
         <input_file_ref idref="fl-2"/>
      </object_component>
      <object_component id="oc-97">
         <name>.debug_pubtypes</name>
         <load_address>0x1eb</load_address>
         <run_address>0x1eb</run_address>
         <size>0x25c</size>
         <input_file_ref idref="fl-3"/>
      </object_component>
      <object_component id="oc-de">
         <name>.debug_pubtypes</name>
         <load_address>0x447</load_address>
         <run_address>0x447</run_address>
         <size>0x330</size>
         <input_file_ref idref="fl-3"/>
      </object_component>
      <object_component id="oc-9c">
         <name>.debug_pubtypes</name>
         <load_address>0x777</load_address>
         <run_address>0x777</run_address>
         <size>0xaa</size>
         <input_file_ref idref="fl-3"/>
      </object_component>
      <object_component id="oc-4e">
         <name>.debug_pubtypes</name>
         <load_address>0x821</load_address>
         <run_address>0x821</run_address>
         <size>0x48</size>
         <input_file_ref idref="fl-c1"/>
      </object_component>
      <object_component id="oc-a8">
         <name>.debug_pubtypes</name>
         <load_address>0x869</load_address>
         <run_address>0x869</run_address>
         <size>0x1d</size>
         <input_file_ref idref="fl-c1"/>
      </object_component>
      <object_component id="oc-3e">
         <name>.debug_pubtypes</name>
         <load_address>0x886</load_address>
         <run_address>0x886</run_address>
         <size>0x5d</size>
         <input_file_ref idref="fl-c2"/>
      </object_component>
      <object_component id="oc-e3">
         <name>.debug_pubtypes</name>
         <load_address>0x8e3</load_address>
         <run_address>0x8e3</run_address>
         <size>0x48</size>
         <input_file_ref idref="fl-c2"/>
      </object_component>
      <object_component id="oc-a1">
         <name>.debug_pubtypes</name>
         <load_address>0x92b</load_address>
         <run_address>0x92b</run_address>
         <size>0x35</size>
         <input_file_ref idref="fl-c2"/>
      </object_component>
      <object_component id="oc-163">
         <name>.debug_pubtypes</name>
         <load_address>0x960</load_address>
         <run_address>0x960</run_address>
         <size>0x32</size>
         <input_file_ref idref="fl-c6"/>
      </object_component>
      <object_component id="oc-177">
         <name>.debug_pubtypes</name>
         <load_address>0x992</load_address>
         <run_address>0x992</run_address>
         <size>0x30</size>
         <input_file_ref idref="fl-c6"/>
      </object_component>
      <object_component id="oc-168">
         <name>.debug_pubtypes</name>
         <load_address>0x9c2</load_address>
         <run_address>0x9c2</run_address>
         <size>0x2c</size>
         <input_file_ref idref="fl-c6"/>
      </object_component>
      <object_component id="oc-16d">
         <name>.debug_pubtypes</name>
         <load_address>0x9ee</load_address>
         <run_address>0x9ee</run_address>
         <size>0x50</size>
         <input_file_ref idref="fl-c6"/>
      </object_component>
   </object_component_list>
   <logical_group_list>
      <logical_group id="lg-3" display="no" color="cyan">
         <name>.intvecs</name>
         <load_address>0x0</load_address>
         <run_address>0x0</run_address>
         <size>0x26c</size>
         <contents>
            <object_component_ref idref="oc-12"/>
         </contents>
      </logical_group>
      <logical_group id="lg-4" display="no" color="cyan">
         <name>.text</name>
         <load_address>0x26c</load_address>
         <run_address>0x26c</run_address>
         <size>0x6e6</size>
         <contents>
            <object_component_ref idref="oc-89"/>
            <object_component_ref idref="oc-33"/>
            <object_component_ref idref="oc-2d"/>
            <object_component_ref idref="oc-47"/>
            <object_component_ref idref="oc-15"/>
            <object_component_ref idref="oc-fe"/>
            <object_component_ref idref="oc-65"/>
            <object_component_ref idref="oc-84"/>
            <object_component_ref idref="oc-1b"/>
            <object_component_ref idref="oc-27"/>
            <object_component_ref idref="oc-bb"/>
            <object_component_ref idref="oc-f2"/>
         </contents>
      </logical_group>
      <logical_group id="lg-5" display="no" color="cyan">
         <name>.const</name>
         <run_address>0x0</run_address>
         <size>0x0</size>
         <contents>
         </contents>
      </logical_group>
      <logical_group id="lg-6" display="no" color="cyan">
         <name>.cinit</name>
         <load_address>0x958</load_address>
         <run_address>0x958</run_address>
         <size>0x18</size>
         <contents>
            <object_component_ref idref="oc-1ab"/>
            <object_component_ref idref="oc-1ad"/>
            <object_component_ref idref="oc-1ac"/>
         </contents>
      </logical_group>
      <logical_group id="lg-7" display="no" color="cyan">
         <name>.pinit</name>
         <run_address>0x0</run_address>
         <size>0x0</size>
         <contents>
         </contents>
      </logical_group>
      <logical_group id="lg-8" display="no" color="cyan">
         <name>.init_array</name>
         <run_address>0x0</run_address>
         <size>0x0</size>
         <contents>
         </contents>
      </logical_group>
      <logical_group id="lg-9" display="no" color="cyan">
         <name>.vtable</name>
         <run_address>0x0</run_address>
         <size>0x0</size>
         <contents>
         </contents>
      </logical_group>
      <logical_group id="lg-a" display="no" color="cyan">
         <name>.data</name>
         <run_address>0x20000200</run_address>
         <size>0x5</size>
         <contents>
            <object_component_ref idref="oc-8f"/>
            <object_component_ref idref="oc-7a"/>
         </contents>
      </logical_group>
      <logical_group id="lg-b" display="no" color="cyan">
         <name>.bss</name>
         <run_address>0x0</run_address>
         <size>0x0</size>
         <contents>
         </contents>
      </logical_group>
      <logical_group id="lg-c" display="no" color="cyan">
         <name>.sysmem</name>
         <run_address>0x0</run_address>
         <size>0x0</size>
         <contents>
         </contents>
      </logical_group>
      <logical_group id="lg-d" display="no" color="cyan">
         <name>.stack</name>
         <run_address>0x20000000</run_address>
         <size>0x200</size>
         <contents>
            <object_component_ref idref="oc-24"/>
            <object_component_ref idref="oc-1af"/>
         </contents>
      </logical_group>
      <logical_group id="lg-182" display="no" color="cyan">
         <name>.TI.noinit</name>
         <run_address>0x0</run_address>
         <size>0x0</size>
         <contents>
         </contents>
      </logical_group>
      <logical_group id="lg-183" display="no" color="cyan">
         <name>.TI.persistent</name>
         <run_address>0x0</run_address>
         <size>0x0</size>
         <contents>
         </contents>
      </logical_group>
      <logical_group id="lg-184" display="no" color="cyan">
         <name>__llvm_prf_cnts</name>
         <run_address>0x20000000</run_address>
         <size>0x0</size>
         <contents>
         </contents>
      </logical_group>
      <logical_group id="lg-193" display="never" color="cyan">
         <name>.debug_info</name>
         <load_address>0x0</load_address>
         <run_address>0x0</run_address>
         <size>0x453b</size>
         <contents>
            <object_component_ref idref="oc-93"/>
            <object_component_ref idref="oc-90"/>
            <object_component_ref idref="oc-34"/>
            <object_component_ref idref="oc-d3"/>
            <object_component_ref idref="oc-42"/>
            <object_component_ref idref="oc-7e"/>
            <object_component_ref idref="oc-3b"/>
            <object_component_ref idref="oc-13"/>
            <object_component_ref idref="oc-2a"/>
            <object_component_ref idref="oc-96"/>
            <object_component_ref idref="oc-dd"/>
            <object_component_ref idref="oc-9b"/>
            <object_component_ref idref="oc-d8"/>
            <object_component_ref idref="oc-8b"/>
            <object_component_ref idref="oc-83"/>
            <object_component_ref idref="oc-7b"/>
            <object_component_ref idref="oc-2f"/>
            <object_component_ref idref="oc-85"/>
            <object_component_ref idref="oc-52"/>
            <object_component_ref idref="oc-1f"/>
            <object_component_ref idref="oc-4d"/>
            <object_component_ref idref="oc-a7"/>
            <object_component_ref idref="oc-a5"/>
            <object_component_ref idref="oc-17"/>
            <object_component_ref idref="oc-3d"/>
            <object_component_ref idref="oc-e2"/>
            <object_component_ref idref="oc-a0"/>
            <object_component_ref idref="oc-25"/>
            <object_component_ref idref="oc-67"/>
            <object_component_ref idref="oc-49"/>
            <object_component_ref idref="oc-13d"/>
            <object_component_ref idref="oc-ff"/>
            <object_component_ref idref="oc-162"/>
            <object_component_ref idref="oc-176"/>
            <object_component_ref idref="oc-167"/>
            <object_component_ref idref="oc-16c"/>
            <object_component_ref idref="oc-bf"/>
            <object_component_ref idref="oc-f4"/>
            <object_component_ref idref="oc-1b0"/>
         </contents>
      </logical_group>
      <logical_group id="lg-195" display="never" color="cyan">
         <name>.debug_line</name>
         <load_address>0x0</load_address>
         <run_address>0x0</run_address>
         <size>0xf70</size>
         <contents>
            <object_component_ref idref="oc-dc"/>
            <object_component_ref idref="oc-da"/>
            <object_component_ref idref="oc-37"/>
            <object_component_ref idref="oc-d6"/>
            <object_component_ref idref="oc-45"/>
            <object_component_ref idref="oc-81"/>
            <object_component_ref idref="oc-95"/>
            <object_component_ref idref="oc-3a"/>
            <object_component_ref idref="oc-2c"/>
            <object_component_ref idref="oc-99"/>
            <object_component_ref idref="oc-e0"/>
            <object_component_ref idref="oc-9e"/>
            <object_component_ref idref="oc-131"/>
            <object_component_ref idref="oc-8a"/>
            <object_component_ref idref="oc-d0"/>
            <object_component_ref idref="oc-ce"/>
            <object_component_ref idref="oc-2e"/>
            <object_component_ref idref="oc-88"/>
            <object_component_ref idref="oc-ad"/>
            <object_component_ref idref="oc-1d"/>
            <object_component_ref idref="oc-50"/>
            <object_component_ref idref="oc-aa"/>
            <object_component_ref idref="oc-e8"/>
            <object_component_ref idref="oc-1a"/>
            <object_component_ref idref="oc-40"/>
            <object_component_ref idref="oc-e5"/>
            <object_component_ref idref="oc-a3"/>
            <object_component_ref idref="oc-78"/>
            <object_component_ref idref="oc-6a"/>
            <object_component_ref idref="oc-48"/>
            <object_component_ref idref="oc-161"/>
            <object_component_ref idref="oc-103"/>
            <object_component_ref idref="oc-165"/>
            <object_component_ref idref="oc-179"/>
            <object_component_ref idref="oc-16a"/>
            <object_component_ref idref="oc-16f"/>
            <object_component_ref idref="oc-be"/>
            <object_component_ref idref="oc-f7"/>
         </contents>
      </logical_group>
      <logical_group id="lg-197" display="never" color="cyan">
         <name>.debug_frame</name>
         <load_address>0x0</load_address>
         <run_address>0x0</run_address>
         <size>0x524</size>
         <contents>
            <object_component_ref idref="oc-38"/>
            <object_component_ref idref="oc-29"/>
            <object_component_ref idref="oc-8e"/>
            <object_component_ref idref="oc-32"/>
            <object_component_ref idref="oc-1e"/>
            <object_component_ref idref="oc-16"/>
            <object_component_ref idref="oc-66"/>
            <object_component_ref idref="oc-102"/>
            <object_component_ref idref="oc-bd"/>
            <object_component_ref idref="oc-f3"/>
         </contents>
      </logical_group>
      <logical_group id="lg-199" display="never" color="cyan">
         <name>.debug_abbrev</name>
         <load_address>0x0</load_address>
         <run_address>0x0</run_address>
         <size>0xb1c</size>
         <contents>
            <object_component_ref idref="oc-db"/>
            <object_component_ref idref="oc-d9"/>
            <object_component_ref idref="oc-92"/>
            <object_component_ref idref="oc-d5"/>
            <object_component_ref idref="oc-44"/>
            <object_component_ref idref="oc-80"/>
            <object_component_ref idref="oc-94"/>
            <object_component_ref idref="oc-39"/>
            <object_component_ref idref="oc-79"/>
            <object_component_ref idref="oc-98"/>
            <object_component_ref idref="oc-df"/>
            <object_component_ref idref="oc-9d"/>
            <object_component_ref idref="oc-130"/>
            <object_component_ref idref="oc-d2"/>
            <object_component_ref idref="oc-cf"/>
            <object_component_ref idref="oc-cd"/>
            <object_component_ref idref="oc-7d"/>
            <object_component_ref idref="oc-d1"/>
            <object_component_ref idref="oc-ac"/>
            <object_component_ref idref="oc-4c"/>
            <object_component_ref idref="oc-4f"/>
            <object_component_ref idref="oc-a9"/>
            <object_component_ref idref="oc-e7"/>
            <object_component_ref idref="oc-3c"/>
            <object_component_ref idref="oc-3f"/>
            <object_component_ref idref="oc-e4"/>
            <object_component_ref idref="oc-a2"/>
            <object_component_ref idref="oc-77"/>
            <object_component_ref idref="oc-c4"/>
            <object_component_ref idref="oc-a6"/>
            <object_component_ref idref="oc-160"/>
            <object_component_ref idref="oc-13c"/>
            <object_component_ref idref="oc-164"/>
            <object_component_ref idref="oc-178"/>
            <object_component_ref idref="oc-169"/>
            <object_component_ref idref="oc-16e"/>
            <object_component_ref idref="oc-f1"/>
            <object_component_ref idref="oc-132"/>
            <object_component_ref idref="oc-1b1"/>
         </contents>
      </logical_group>
      <logical_group id="lg-19b" display="never" color="cyan">
         <name>.debug_str</name>
         <load_address>0x0</load_address>
         <run_address>0x0</run_address>
         <size>0x17fa</size>
         <contents>
            <object_component_ref idref="oc-d7"/>
            <object_component_ref idref="oc-46"/>
            <object_component_ref idref="oc-82"/>
            <object_component_ref idref="oc-9a"/>
            <object_component_ref idref="oc-e1"/>
            <object_component_ref idref="oc-9f"/>
            <object_component_ref idref="oc-51"/>
            <object_component_ref idref="oc-ab"/>
            <object_component_ref idref="oc-41"/>
            <object_component_ref idref="oc-e6"/>
            <object_component_ref idref="oc-a4"/>
            <object_component_ref idref="oc-166"/>
            <object_component_ref idref="oc-17a"/>
            <object_component_ref idref="oc-16b"/>
            <object_component_ref idref="oc-170"/>
         </contents>
      </logical_group>
      <logical_group id="lg-19d" display="never" color="cyan">
         <name>.debug_aranges</name>
         <load_address>0x0</load_address>
         <run_address>0x0</run_address>
         <size>0x218</size>
         <contents>
            <object_component_ref idref="oc-35"/>
            <object_component_ref idref="oc-28"/>
            <object_component_ref idref="oc-8c"/>
            <object_component_ref idref="oc-30"/>
            <object_component_ref idref="oc-87"/>
            <object_component_ref idref="oc-1c"/>
            <object_component_ref idref="oc-18"/>
            <object_component_ref idref="oc-69"/>
            <object_component_ref idref="oc-4b"/>
            <object_component_ref idref="oc-101"/>
            <object_component_ref idref="oc-bc"/>
            <object_component_ref idref="oc-f6"/>
         </contents>
      </logical_group>
      <logical_group id="lg-19f" display="never" color="cyan">
         <name>.debug_pubnames</name>
         <load_address>0x0</load_address>
         <run_address>0x0</run_address>
         <size>0x3bc</size>
         <contents>
            <object_component_ref idref="oc-91"/>
            <object_component_ref idref="oc-36"/>
            <object_component_ref idref="oc-14"/>
            <object_component_ref idref="oc-2b"/>
            <object_component_ref idref="oc-8d"/>
            <object_component_ref idref="oc-7c"/>
            <object_component_ref idref="oc-31"/>
            <object_component_ref idref="oc-86"/>
            <object_component_ref idref="oc-20"/>
            <object_component_ref idref="oc-19"/>
            <object_component_ref idref="oc-26"/>
            <object_component_ref idref="oc-68"/>
            <object_component_ref idref="oc-4a"/>
            <object_component_ref idref="oc-100"/>
            <object_component_ref idref="oc-c0"/>
            <object_component_ref idref="oc-f5"/>
         </contents>
      </logical_group>
      <logical_group id="lg-1a1" display="never" color="cyan">
         <name>.debug_pubtypes</name>
         <load_address>0x0</load_address>
         <run_address>0x0</run_address>
         <size>0xa3e</size>
         <contents>
            <object_component_ref idref="oc-d4"/>
            <object_component_ref idref="oc-43"/>
            <object_component_ref idref="oc-7f"/>
            <object_component_ref idref="oc-97"/>
            <object_component_ref idref="oc-de"/>
            <object_component_ref idref="oc-9c"/>
            <object_component_ref idref="oc-4e"/>
            <object_component_ref idref="oc-a8"/>
            <object_component_ref idref="oc-3e"/>
            <object_component_ref idref="oc-e3"/>
            <object_component_ref idref="oc-a1"/>
            <object_component_ref idref="oc-163"/>
            <object_component_ref idref="oc-177"/>
            <object_component_ref idref="oc-168"/>
            <object_component_ref idref="oc-16d"/>
         </contents>
      </logical_group>
      <logical_group id="lg-1ae" display="no" color="cyan">
         <name>Veneer$$CMSE</name>
         <run_address>0x0</run_address>
         <size>0x0</size>
         <contents>
         </contents>
      </logical_group>
      <load_segment id="lg-1b3" display="no" color="cyan">
         <name>SEGMENT_0</name>
         <load_address>0x0</load_address>
         <run_address>0x0</run_address>
         <size>0x970</size>
         <flags>0x5</flags>
         <contents>
            <logical_group_ref idref="lg-3"/>
            <logical_group_ref idref="lg-4"/>
            <logical_group_ref idref="lg-6"/>
         </contents>
      </load_segment>
      <load_segment id="lg-1b4" display="no" color="cyan">
         <name>SEGMENT_1</name>
         <run_address>0x20000000</run_address>
         <size>0x205</size>
         <flags>0x6</flags>
         <contents>
            <logical_group_ref idref="lg-d"/>
            <logical_group_ref idref="lg-a"/>
         </contents>
      </load_segment>
   </logical_group_list>
   <placement_map>
      <memory_area display="yes" color="green">
         <name>FLASH</name>
         <page_id>0x0</page_id>
         <origin>0x0</origin>
         <length>0x40000</length>
         <used_space>0x96a</used_space>
         <unused_space>0x3f696</unused_space>
         <attributes>RX</attributes>
         <usage_details>
            <allocated_space>
               <start_address>0x0</start_address>
               <size>0x26c</size>
               <logical_group_ref idref="lg-3"/>
            </allocated_space>
            <allocated_space>
               <start_address>0x26c</start_address>
               <size>0x6e6</size>
               <logical_group_ref idref="lg-4"/>
            </allocated_space>
            <available_space>
               <start_address>0x952</start_address>
               <size>0x6</size>
            </available_space>
            <allocated_space>
               <start_address>0x958</start_address>
               <size>0x18</size>
               <logical_group_ref idref="lg-6"/>
            </allocated_space>
            <available_space>
               <start_address>0x970</start_address>
               <size>0x3f690</size>
            </available_space>
         </usage_details>
      </memory_area>
      <memory_area display="yes" color="green">
         <name>SRAM</name>
         <page_id>0x0</page_id>
         <origin>0x20000000</origin>
         <length>0x8000</length>
         <used_space>0x205</used_space>
         <unused_space>0x7dfb</unused_space>
         <attributes>RWX</attributes>
         <usage_details>
            <allocated_space>
               <start_address>0x20000000</start_address>
               <size>0x0</size>
               <logical_group_ref idref="lg-184"/>
            </allocated_space>
            <allocated_space>
               <start_address>0x20000000</start_address>
               <size>0x200</size>
               <logical_group_ref idref="lg-d"/>
            </allocated_space>
            <allocated_space>
               <start_address>0x20000200</start_address>
               <size>0x5</size>
               <logical_group_ref idref="lg-a"/>
            </allocated_space>
            <available_space>
               <start_address>0x20000205</start_address>
               <size>0x7dfb</size>
            </available_space>
         </usage_details>
      </memory_area>
   </placement_map>
   <cptbl_list>
      <cptbl>
         <name>__TI_cinit_table</name>
         <cprec>
            <name>.data</name>
            <load_address>0x960</load_address>
            <load_size>0x7</load_size>
            <run_address>0x20000200</run_address>
            <run_size>0x5</run_size>
            <compression>lzss</compression>
         </cprec>
      </cptbl>
   </cptbl_list>
   <handler_table>
      <handler_table_name>__TI_handler_table</handler_table_name>
      <handler>
         <index>0x0</index>
         <name>__TI_decompress_lzss</name>
      </handler>
      <handler>
         <index>0x1</index>
         <name>__TI_decompress_none</name>
      </handler>
   </handler_table>
   <symbol_table>
      <symbol id="sm-1">
         <name>__STACK_TOP</name>
         <value>0x20000200</value>
      </symbol>
      <symbol id="sm-2">
         <name>__start___llvm_prf_cnts</name>
         <value>0x20000000</value>
      </symbol>
      <symbol id="sm-3">
         <name>__stop___llvm_prf_cnts</name>
         <value>0x20000000</value>
      </symbol>
      <symbol id="sm-4">
         <name>__TI_CINIT_Base</name>
         <value>0x968</value>
      </symbol>
      <symbol id="sm-5">
         <name>__TI_CINIT_Limit</name>
         <value>0x970</value>
      </symbol>
      <symbol id="sm-6">
         <name>__TI_Handler_Table_Base</name>
         <value>0x958</value>
      </symbol>
      <symbol id="sm-7">
         <name>__TI_Handler_Table_Limit</name>
         <value>0x960</value>
      </symbol>
      <symbol id="sm-8">
         <name>binit</name>
         <value>0xffffffff</value>
      </symbol>
      <symbol id="sm-9">
         <name>__binit__</name>
         <value>0xffffffff</value>
      </symbol>
      <symbol id="sm-a">
         <name>__STACK_SIZE</name>
         <value>0x200</value>
      </symbol>
      <symbol id="sm-b">
         <name>__STACK_END</name>
         <value>0x20000200</value>
      </symbol>
      <symbol id="sm-c">
         <name>__c_args__</name>
         <value>0xffffffff</value>
      </symbol>
      <symbol id="sm-d">
         <name>__TI_pprof_out_hndl</name>
         <value>0xffffffff</value>
      </symbol>
      <symbol id="sm-e">
         <name>__TI_prof_data_start</name>
         <value>0xffffffff</value>
      </symbol>
      <symbol id="sm-f">
         <name>__TI_prof_data_size</name>
         <value>0xffffffff</value>
      </symbol>
      <symbol id="sm-6a">
         <name>SysTick_CallBackFunc</name>
         <value>0x603</value>
         <object_component_ref idref="oc-33"/>
      </symbol>
      <symbol id="sm-6b">
         <name>Delay_MS</name>
         <value>0x4c5</value>
         <object_component_ref idref="oc-33"/>
      </symbol>
      <symbol id="sm-6c">
         <name>Leds_Init</name>
         <value>0x5c5</value>
         <object_component_ref idref="oc-33"/>
      </symbol>
      <symbol id="sm-6d">
         <name>g_Counter</name>
         <value>0x20000204</value>
         <object_component_ref idref="oc-8f"/>
      </symbol>
      <symbol id="sm-6e">
         <name>main</name>
         <value>0x65d</value>
         <object_component_ref idref="oc-33"/>
      </symbol>
      <symbol id="sm-6f">
         <name>SW2_Init</name>
         <value>0x535</value>
         <object_component_ref idref="oc-33"/>
      </symbol>
      <symbol id="sm-70">
         <name>GPIOPortF_Handler</name>
         <value>0x505</value>
         <object_component_ref idref="oc-33"/>
      </symbol>
      <symbol id="sm-9b">
         <name>ResetISR</name>
         <value>0x93f</value>
         <object_component_ref idref="oc-27"/>
      </symbol>
      <symbol id="sm-9c">
         <name>g_pfnVectors</name>
         <value>0x0</value>
         <object_component_ref idref="oc-12"/>
      </symbol>
      <symbol id="sm-c9">
         <name>NVIC_DisableException</name>
         <value>0x397</value>
         <object_component_ref idref="oc-89"/>
      </symbol>
      <symbol id="sm-ca">
         <name>NVIC_SetPriorityIRQ</name>
         <value>0x301</value>
         <object_component_ref idref="oc-89"/>
      </symbol>
      <symbol id="sm-cb">
         <name>NVIC_EnableException</name>
         <value>0x359</value>
         <object_component_ref idref="oc-89"/>
      </symbol>
      <symbol id="sm-cc">
         <name>NVIC_SetPriorityException</name>
         <value>0x3db</value>
         <object_component_ref idref="oc-89"/>
      </symbol>
      <symbol id="sm-cd">
         <name>NVIC_DisableIRQ</name>
         <value>0x2b7</value>
         <object_component_ref idref="oc-89"/>
      </symbol>
      <symbol id="sm-ce">
         <name>NVIC_EnableIRQ</name>
         <value>0x26d</value>
         <object_component_ref idref="oc-89"/>
      </symbol>
      <symbol id="sm-ef">
         <name>SysTick_Handler</name>
         <value>0x77d</value>
         <object_component_ref idref="oc-2d"/>
      </symbol>
      <symbol id="sm-f0">
         <name>SysTick_Stop</name>
         <value>0x759</value>
         <object_component_ref idref="oc-2d"/>
      </symbol>
      <symbol id="sm-f1">
         <name>SysTick_DeInit</name>
         <value>0x709</value>
         <object_component_ref idref="oc-2d"/>
      </symbol>
      <symbol id="sm-f2">
         <name>SysTick_StartBusyWait</name>
         <value>0x71d</value>
         <object_component_ref idref="oc-2d"/>
      </symbol>
      <symbol id="sm-f3">
         <name>SysTick_Start</name>
         <value>0x765</value>
         <object_component_ref idref="oc-2d"/>
      </symbol>
      <symbol id="sm-f4">
         <name>SysTick_SetCallBack</name>
         <value>0x76d</value>
         <object_component_ref idref="oc-2d"/>
      </symbol>
      <symbol id="sm-f5">
         <name>SysTick_Init</name>
         <value>0x6e1</value>
         <object_component_ref idref="oc-2d"/>
      </symbol>
      <symbol id="sm-fe">
         <name>__aeabi_lmul</name>
         <value>0x919</value>
         <object_component_ref idref="oc-84"/>
      </symbol>
      <symbol id="sm-116">
         <name>__TI_decompress_none</name>
         <value>0x931</value>
         <object_component_ref idref="oc-1b"/>
      </symbol>
      <symbol id="sm-139">
         <name>__TI_decompress_lzss</name>
         <value>0x839</value>
         <object_component_ref idref="oc-15"/>
      </symbol>
      <symbol id="sm-14c">
         <name>__stack</name>
         <value>0x20000000</value>
         <object_component_ref idref="oc-24"/>
      </symbol>
      <symbol id="sm-14d">
         <name>_c_int00_noargs</name>
         <value>0x8e5</value>
         <object_component_ref idref="oc-65"/>
      </symbol>
      <symbol id="sm-168">
         <name>memcpy</name>
         <value>0x79d</value>
         <object_component_ref idref="oc-47"/>
      </symbol>
      <symbol id="sm-169">
         <name>__aeabi_memcpy</name>
         <value>0x79d</value>
         <object_component_ref idref="oc-47"/>
      </symbol>
      <symbol id="sm-16a">
         <name>__aeabi_memcpy8</name>
         <value>0x79d</value>
         <object_component_ref idref="oc-47"/>
      </symbol>
      <symbol id="sm-16b">
         <name>__aeabi_memcpy4</name>
         <value>0x79d</value>
         <object_component_ref idref="oc-47"/>
      </symbol>
      <symbol id="sm-194">
         <name>__TI_auto_init_nobinit_nopinit</name>
         <value>0x8a1</value>
         <object_component_ref idref="oc-fe"/>
      </symbol>
      <symbol id="sm-19e">
         <name>_system_pre_init</name>
         <value>0x94b</value>
         <object_component_ref idref="oc-bb"/>
      </symbol>
      <symbol id="sm-1aa">
         <name>C$$EXIT</name>
         <value>0x94f</value>
         <object_component_ref idref="oc-f2"/>
      </symbol>
      <symbol id="sm-1ab">
         <name>abort</name>
         <value>0x94f</value>
         <object_component_ref idref="oc-f2"/>
      </symbol>
      <symbol id="sm-1ae">
         <name>__TI_static_base__</name>
         <value>0x0</value>
      </symbol>
      <symbol id="sm-1b1">
         <name>__mpu_init</name>
         <value>0x0</value>
      </symbol>
      <symbol id="sm-1b2">
         <name>_system_post_cinit</name>
         <value>0x0</value>
      </symbol>
   </symbol_table>
   <title>Link successful</title>
</link_info>
